,avail,bhrs,code,crHrs,crn,cur,fr,instructor,location,max,mo,section_code,section_type,th,times,tu,we,wtlist
0,59,3,T241,3,20328,11,,Cameron J. ,Studley KILLAM LIBRARY MACME,70,,01,Lec,R,1335-1425,T,,
1,7,,,0,20329,1,,T241,Studley KILLAM LIBRARY 2622,8,,T01,Tut,R,1535-1625,,,
2,3,,,0,20330,5,F,T241,Studley MCCAIN ARTS&SS 2184,8,,T02,Tut,,0935-1025,,,
3,8,,,0,20331,0,F,T241,Studley MCCAIN ARTS&SS 2118,8,,T03,Tut,,1135-1225,,,
4,8,,,0,20332,0,F,T241,Studley MCCAIN ARTS&SS 2184,8,,T04,Tut,,1135-1225,,,
5,8,,,0,20333,0,F,T241,Studley SIR JAMES DUNN 221C,8,,T05,Tut,,1135-1225,,,
6,8,,,0,20334,0,F,T241,Studley MCCAIN ARTS&SS 2184,8,,T06,Tut,,1035-1125,,,
7,6,,,0,20335,2,F,T241,Studley LSC-PSYCHOLOGY P5208,8,,T07,Tut,,1035-1125,,,
8,5,,,0,20336,3,,T241,Studley KILLAM LIBRARY 2622,8,,T08,Tut,R,1635-1725,,,
9,8,,,0,20337,0,,T241,Studley LSC-COMMON AREA C220,8,,T09,Tut,R,1435-1525,,,
