,avail,bhrs,code,crHrs,crn,cur,fr,instructor,location,max,mo,section_code,section_type,th,times,tu,we,wtlist
0,0,3,T310,3,20571,1,,Yu B. ,Studley KENNETH C ROWE MANAG 4055,,,02,Lec,,0835-1125,,W,
1,1,3,T310,3,20572,0,,Yu B. ,Studley KENNETH C ROWE MANAG 4055,,,03,Lec,R,1135-1425,,,
2,1,3,T310,3,20573,0,,Soliman M. ,Studley KENNETH C ROWE MANAG 4055,,,04,Lec,,1435-1725,,W,
3,0,3,T310,3,20574,1,,Soliman M. ,Studley KENNETH C ROWE MANAG 4055,,M,05,Lec,,1135-1425,,,
4,0,3,T310,3,20575,1,,Soliman M. ,Studley KENNETH C ROWE MANAG 4055,,,06,Lec,R,0835-1125,,,
5,0,3,T310,3,20576,1,,Conrad C. ,Studley KENNETH C ROWE MANAG 4055,,,07,Lec,R,1435-1725,,,
6,0,3,T310,3,20577,1,,Conrad C. ,Studley KENNETH C ROWE MANAG 4055,,,08,Lec,,0835-1125,T,,
