,avail,bhrs,code,crHrs,crn,cur,fr,instructor,location,max,mo,section_code,section_type,th,times,tu,we,wtlist
0,55,3,T310,3,20594,0,,Foster K. ,Studley KENNETH C ROWE MANAG 1007,55,,01,Lec,R,1005-1125,T,,
1,55,3,T310,3,20595,0,,Staff,Studley KENNETH C ROWE MANAG 1007,55,,02,Lec,R,0835-0955,T,,
2,55,3,T310,3,20596,0,,Crumley E. ,Studley KENNETH C ROWE MANAG 1007,55,,03,Lec,R,1435-1555,T,,
3,55,3,T310,3,20597,0,,Crumley E. ,Studley KENNETH C ROWE MANAG 1007,55,,04,Lec,R,1605-1725,T,,
4,55,3,T310,3,20598,0,,Staff,Studley LSC-PSYCHOLOGY P5260,55,,05,Lec,R,1605-1725,T,,
