,avail,bhrs,code,crHrs,crn,cur,fr,instructor,location,max,mo,section_code,section_type,th,times,tu,we,wtlist
0,51,3,T310,3,20563,4,,Gassmann H. ,Studley KENNETH C ROWE MANAG 1009,55,M,01,Lec,,1905-2025,,W,
1,41,3,T310,3,20564,14,,Gassmann H. ,Studley KENNETH C ROWE MANAG 1016,55,,02,Lec,R,1735-1855,T,,
2,0,3,T310,3,20565,55,,Gassmann H. ,Studley KENNETH C ROWE MANAG 1016,55,,03,Lec,R,1605-1725,T,,
3,38,3,T310,3,20566,17,,Gassmann H. ,Studley KENNETH C ROWE MANAG 1009,55,M,04,Lec,,1735-1855,,W,
4,0,3,T310,3,20567,55,,Gassmann H. ,Studley KENNETH C ROWE MANAG 1016,55,M,05,Lec,,1435-1555,,W,
5,130,,,0,20568,145,F,T310,Studley KENNETH C ROWE MANAG 1028,275,,T01,Tut,,1605-1725,,,
