,avail,bhrs,code,crHrs,crn,cur,fr,instructor,location,max,mo,section_code,section_type,th,times,tu,we,wtlist
0,47,3,T310,3,20527,3,,Shkurska O. ,Studley KENNETH C ROWE MANAG 1016,50,M,01,Lec,,1605-1725,,W,
1,47,3,T310,3,20529,3,,Macdonald L. ,Studley KENNETH C ROWE MANAG 1007,50,M,03,Lec,,1005-1125,,W,
2,48,3,T310,3,20530,2,,Manderson J. ,Studley KENNETH C ROWE MANAG 1020,50,M,04,Lec,,1435-1555,,W,
3,48,3,T310,3,20531,2,,Manderson J. ,Studley KENNETH C ROWE MANAG 1011,50,,05,Lec,R,1435-1555,T,,
4,50,3,T310,3,20532,0,,Manderson J. ,Studley KENNETH C ROWE MANAG 1011,50,,06,Lec,R,1605-1725,T,,
5,48,3,T310,3,20533,2,,Macdonald L. ,Studley KENNETH C ROWE MANAG 1020,50,,07,Lec,R,0835-0955,T,,
