,avail,bhrs,code,crHrs,crn,cur,fr,instructor,location,max,mo,section_code,section_type,th,times,tu,we,wtlist
0,5,3,T310,3,20515,0,,Staff,Studley KENNETH C ROWE MANAG 1009,,,01,Lec,R,1435-1555,T,,
1,5,3,T310,3,20516,0,,Staff,Studley KENNETH C ROWE MANAG 1009,,,02,Lec,R,1605-1725,T,,
2,3,3,T310,3,20517,2,,Sawicki J. ,Studley HENRY HICKS ACADEMIC 217,,,03,Lec,R,1005-1125,T,,
3,5,3,T310,3,20518,0,,Sawicki J. ,Studley KENNETH C ROWE MANAG 1009,,M,04,Lec,,1435-1555,,W,
4,5,3,T310,3,20519,0,,Staff,Studley KENNETH C ROWE MANAG 1007,,M,05,Lec,,1735-1855,,W,0
5,5,3,T310,3,20520,0,,Sawicki J. ,Studley KENNETH C ROWE MANAG 1009,,M,06,Lec,,1605-1725,,W,
6,333,0,T310,0,20521,17,,Staff,Studley KENNETH C ROWE MANAG 1020,350,,T01,Tut,,1735-1855,T,,
