,avail,bhrs,code,crHrs,crn,cur,fr,instructor,location,max,mo,section_code,section_type,th,times,tu,we,wtlist
0,176,3,T620,3,22361,28,,Sarhan A. ,Studley MCCAIN ARTS&SS AUD-1,204,,01,Lec,R,1305-1425,T,,0
1,120,3,T620,3,22362,0,,Sarhan A.  (P),Studley MCCAIN ARTS&SS AUD-1,,,02,Lec,,1335-1425,,,
2,157,3,T620,3,22363,44,F,Sarhan A.  (P),Studley MCCAIN ARTS&SS AUD-1,201,M,03,Lec,,1035-1125,,W,0
3,158,3,T620,3,22364,7,F,Sarhan A.  (P),Studley MCCAIN ARTS&SS AUD-1,165,M,04,Lec,,1435-1525,,W,0
4,25,,,0,22365,15,,T620,Studley MCCAIN ARTS&SS 2019,40,,T01,Tut,,1035-1125,T,,
5,31,,,0,22366,9,,T620,Studley MCCAIN ARTS&SS 2019,40,,T02,Tut,,1135-1225,T,,
6,38,,,0,22367,2,,T620,Studley MCCAIN ARTS&SS 2019,40,,T03,Tut,,1305-1355,T,,0
7,40,,,0,22368,0,,T620,Studley MCCAIN ARTS&SS 2019,40,,T04,Tut,,1405-1455,T,,
8,36,,,0,22369,4,,T620,Studley MCCAIN ARTS&SS 2019,40,,T05,Tut,,1505-1555,T,,
9,39,,,0,22370,1,,T620,Studley MCCAIN ARTS&SS 2019,40,,T06,Tut,,1605-1655,T,,0
10,36,,,0,22371,14,,T620,Studley SIR JAMES DUNN 301B,50,,T07,Tut,,1135-1225,,W,
11,44,,,0,22372,6,,T620,Studley SIR JAMES DUNN 301B,50,,T08,Tut,,1235-1325,,W,
12,40,,,0,22373,5,,T620,Studley SIR JAMES DUNN 301A,45,,T09,Tut,,1335-1425,,W,
13,41,,,0,22374,3,,T620,Studley MCCAIN ARTS&SS 2019,44,,T10,Tut,,1605-1655,,W,0
14,40,,,0,22375,0,,T620,Studley MCCAIN ARTS&SS 2019,40,,T11,Tut,,1705-1755,,W,
15,38,,,0,22376,2,,T620,Studley SIR JAMES DUNN 301B,40,,T12,Tut,R,1035-1125,,,
16,32,,,0,22377,8,,T620,Studley SIR JAMES DUNN 301B,40,,T13,Tut,R,1135-1225,,,0
17,39,,,0,22378,1,,T620,Studley MCCAIN ARTS&SS 2019,40,,T14,Tut,R,1305-1355,,,
18,39,,,0,22379,1,,T620,Studley MCCAIN ARTS&SS 2019,40,,T15,Tut,R,1405-1455,,,
19,35,,,0,22380,5,,T620,Studley MCCAIN ARTS&SS 2019,40,,T16,Tut,R,1505-1555,,,
20,34,,,0,22381,6,,T620,Studley MCCAIN ARTS&SS 2019,40,M,T17,Tut,,1535-1625,,,
21,44,,,0,22382,0,,T620,Studley MCCAIN ARTS&SS 2019,44,,T18,Tut,,0935-1025,T,,
22,40,,,0,22383,0,,T620,Studley SIR JAMES DUNN 301B,40,,T19,Tut,R,0935-1025,,,
