,avail,bhrs,code,crHrs,crn,cur,fr,instructor,location,max,mo,section_code,section_type,th,times,tu,we,wtlist
0,62,3,T610,3,22384,50,F,Smith B. ,Studley SIR JAMES DUNN 117,112,M,01,Lec,,1035-1125,,W,0
1,19,0,T610,0,22385,1,,Staff,Studley LSC-COMMON AREA C244,20,M,T01,Tut,,1705-1855,,,
2,14,0,T610,0,22386,6,,Staff,Studley LSC-COMMON AREA C208,20,M,T02,Tut,,0835-1025,,,
3,9,0,T610,0,22387,11,,Staff,Studley LSC-COMMON AREA C208,20,,T03,Tut,,0935-1125,T,,
4,3,0,T610,0,22388,17,,Staff,Studley LSC-COMMON AREA C244,20,,T04,Tut,,1435-1625,,W,
5,5,0,T610,0,22389,15,,Staff,Studley SIR JAMES DUNN 101,20,,T05,Tut,R,0935-1125,,,
