,avail,bhrs,code,crHrs,crn,cur,fr,instructor,location,max,mo,section_code,section_type,th,times,tu,we,wtlist
0,4,3,T227,3,23588,0,,Swanston M. ,Studley ARTS CENTRE 121,4,,01,Lec,R,1135-1325,,,
1,4,3,T227,3,23589,0,,Staff,Studley ARTS CENTRE 111,4,,02,Lec,R,1235-1325,T,,
2,5,3,T227,3,23590,0,,Staff,Studley ARTS CENTRE 406,5,,03,Lec,R,1135-1325,,,
3,5,3,T227,3,23591,0,,Staff, Consult Department,5,,04,Lec,,C/D,,,
4,4,3,T227,3,23592,1,F,Staff,Studley ARTS CENTRE 406,5,,05,Lec,,1635-1825,,,
5,5,3,T227,3,23593,0,F,Staff,Studley ARTS CENTRE 406,5,,06,Lec,,1635-1825,,,
6,5,3,T227,3,23594,0,F,Staff,Studley ARTS CENTRE 406,5,,07,Lec,,1635-1825,,,
7,5,3,T227,3,23595,0,F,Staff,Studley ARTS CENTRE 406,5,,08,Lec,,1635-1825,,,
8,5,3,T227,3,23596,0,,Staff,Studley ARTS CENTRE 406,5,,09,Lec,,1705-1825,T,,
9,5,3,T227,3,23597,0,,Staff,Studley ARTS CENTRE 406,5,,10,Lec,,1705-1825,T,,
10,5,3,T227,3,23598,0,,Staff,Studley ARTS CENTRE 406,5,,11,Lec,,1705-1825,T,,
11,5,3,T227,3,23599,0,,Staff,Studley ARTS CENTRE 406,5,,12,Lec,,1705-1825,T,,
12,5,3,T227,3,23600,0,,Mitchell C. , Consult Department,5,,13,Lec,,C/D,,,
13,5,3,T227,3,23601,0,,Staff,Studley ARTS CENTRE 111,5,,14,Lec,,1705-1825,T,,
14,5,3,T227,3,23602,0,,Staff,Studley ARTS CENTRE 111,5,,15,Lec,,1705-1825,T,,
15,5,3,T227,3,23603,0,,Staff,Studley ARTS CENTRE 111,5,,16,Lec,,1705-1825,T,,
16,5,3,T227,3,23604,0,,Staff,Studley ARTS CENTRE 111,5,,17,Lec,,1705-1825,T,,
17,5,3,T227,3,23605,0,,Staff,Studley ARTS CENTRE 121,5,,18,Lec,,1135-1255,T,,
