,avail,bhrs,code,crHrs,crn,cur,fr,instructor,location,max,mo,section_code,section_type,th,times,tu,we,wtlist
0,40,,T210,,23838,0,,Staff, Consult Department,40,,01,Ens,,C/D,,,
1,15,,T210,,24031,0,,Staff, Consult Department,15,,02,Ens,,C/D,,,
2,15,,T210,,24032,0,,Staff, Consult Department,15,,03,Ens,,C/D,,,
3,15,,T210,,24033,0,,Staff, Consult Department,15,,04,Ens,,C/D,,,
4,15,,T210,,24034,0,,Staff, Consult Department,15,,05,Ens,,C/D,,,
5,15,,T210,,24035,0,,Staff, Consult Department,15,,06,Ens,,C/D,,,
6,15,,T210,,24036,0,,Staff, Consult Department,15,,07,Ens,,C/D,,,
7,15,,T210,,24037,0,,Staff, Consult Department,15,,08,Ens,,C/D,,,
8,15,,T210,,24038,0,,Staff, Consult Department,15,,09,Ens,,C/D,,,
9,15,,T210,,24039,0,,Staff, Consult Department,15,,10,Ens,,C/D,,,
10,15,,T210,,24040,0,,Staff, Consult Department,15,,11,Ens,,C/D,,,
11,15,,T210,,24041,0,,Staff, Consult Department,15,,12,Ens,,C/D,,,
12,15,,T210,,24042,0,,Staff, Consult Department,15,,13,Ens,,C/D,,,
13,15,,T210,,24043,0,,Staff, Consult Department,15,,14,Ens,,C/D,,,
14,15,,T210,,24044,0,,Staff, Consult Department,15,,15,Ens,,C/D,,,
