,avail,bhrs,code,crHrs,crn,cur,fr,instructor,location,max,mo,section_code,section_type,th,times,tu,we,wtlist
0,40,,T210,,23837,0,,Staff, Consult Department,40,,01,Ens,,C/D,,,
1,15,,T210,,24016,0,,Staff, Consult Department,15,,02,Ens,,C/D,,,
2,15,,T210,,24017,0,,Staff, Consult Department,15,,03,Ens,,C/D,,,
3,15,,T210,,24018,0,,Staff, Consult Department,15,,04,Ens,,C/D,,,
4,15,,T210,,24019,0,,Staff, Consult Department,15,,05,Ens,,C/D,,,
5,15,,T210,,24020,0,,Staff, Consult Department,15,,06,Ens,,C/D,,,
6,15,,T210,,24022,0,,Staff, Consult Department,15,,07,Ens,,C/D,,,
7,15,,T210,,24023,0,,Staff, Consult Department,15,,08,Ens,,C/D,,,
8,15,,T210,,24024,0,,Staff, Consult Department,15,,09,Ens,,C/D,,,
9,15,,T210,,24025,0,,Staff, Consult Department,15,,10,Ens,,C/D,,,
10,15,,T210,,24026,0,,Staff, Consult Department,15,,11,Ens,,C/D,,,
11,15,,T210,,24027,0,,Staff, Consult Department,15,,12,Ens,,C/D,,,
12,15,,T210,,24029,0,,Staff, Consult Department,15,,13,Ens,,C/D,,,
13,15,,T210,,24028,0,,Staff, Consult Department,15,,14,Ens,,C/D,,,
14,15,,T210,,24030,0,,Staff, Consult Department,15,,15,Ens,,C/D,,,
