,avail,bhrs,code,crHrs,crn,cur,fr,instructor,location,max,mo,section_code,section_type,th,times,tu,we,wtlist
0,15,,T210,,24004,0,,Staff, Consult Department,15,,04,Lec,,C/D,,,
1,40,,T210,,23836,0,,Staff, Consult Department,40,,01,Ens,,C/D,,,
2,15,,T210,,24002,0,,Staff, Consult Department,15,,02,Ens,,C/D,,,
3,15,,T210,,24003,0,,Staff, Consult Department,15,,03,Ens,,C/D,,,
4,15,,T210,,24005,0,,Staff, Consult Department,15,,05,Ens,,C/D,,,
5,15,,T210,,24006,0,,Staff, Consult Department,15,,06,Ens,,C/D,,,
6,15,,T210,,24007,0,,Staff, Consult Department,15,,07,Ens,,C/D,,,
7,15,,T210,,24008,0,,Staff, Consult Department,15,,08,Ens,,C/D,,,
8,15,,T210,,24009,0,,Staff, Consult Department,15,,09,Ens,,C/D,,,
9,15,,T210,,24010,0,,Staff, Consult Department,15,,10,Ens,,C/D,,,
10,15,,T210,,24011,0,,Staff, Consult Department,15,,11,Ens,,C/D,,,
11,15,,T210,,24012,0,,Staff, Consult Department,15,,12,Ens,,C/D,,,
12,15,,T210,,24013,0,,Staff, Consult Department,15,,13,Ens,,C/D,,,
13,15,,T210,,24014,0,,Staff, Consult Department,15,,14,Ens,,C/D,,,
14,15,,T210,,24015,0,,Staff, Consult Department,15,,15,Ens,,C/D,,,
